empId,SSN,Hire Date,fName,mName,lName,Gender,Birthday,Marital Status,Age,"Address(street Address, State Zip Code)"
89,383-68-0844,4/29/09,Eda,    Ever,Yundt,female,19720122,single,51,"10159 Schumm Mill Hagenesmouth, MI 33118-1468"
12,508-21-7914,11/4/09,Jeramie,    Onyx,Jones,male,19701008,single,53,"10509 Lorenza Corners Suite 675 Weimannfort, NE 08950"
31,005-38-9090,12/25/09,Titus,Zion,Lehner,male,19840726,married,39,"1055 Tillman Lake Natalieport, ME 72027"
41,008-52-7007,11/19/10,Cletus,    Darian,Halvorson,male,19880524,married,35,"11375 Fern Road Apt. 402 East Trisha, VT 78437"
85,532-45-5844,1/28/11,Abelardo,    Brighton,Gerhold,male,19840731,married,39,"136 Lillian Square South Florineport, WA 00783"
25,516-78-1751,11/15/11,Imani,Elliot,Deckow,male,19751108,married,48,"1367 Rutherford Ridge Apt. 245 Port Brennanshire, MT 11859-1814"
90,523-65-3822,2/27/13,Amiya,    Halston,Goldner,female,19850508,married,38,"14297 Spinka Mission Apt. 684 West Lenny, CO 29935"
73,503-64-2309,6/7/13,Jeanne,    Kris,Carter,female,19770703,married,46,"1586 Herman Fall Apt. 301 Chaunceyland, SD 17797-5941"
43,360-80-4697,7/21/14,Lazaro,    Oakley,Krajcik,male,19730312,married,50,"172 Lakin Green Lake Eriberto, IL 18342"
47,428-52-5195,11/14/14,Jon,    Jaylin,Fritsch,male,19961205,married,28,"204 Larkin Corners Olaberg, MS 61536-9460"
93,465-42-2279,12/25/15,Danielle,    Jupiter,Durgan,female,19960109,married,28,"210 April Curve Schmidtfort, TX 12232"
58,275-30-2336,1/25/16,Marquis,    Jessie,Johnson,male,19810608,married,42,"2319 Kilback Plain Suite 554 Reynoldsview, OH 06533"
99,651-18-8048,10/27/16,Henri,    Merritt,Schultz,male,19721220,married,52,"242 Powlowski River Hoppeport, CO 30267-3480"
68,537-39-3474,5/30/17,Hassan,    Carey,Steuber,male,19800722,married,43,"24320 Tromp Hills East Darrelshire, WA 24443"
27,516-54-0566,6/22/17,Trever,Jalen,Paucek,male,19940430,married,30,"245 Jaiden Well Apt. 602 Ariannastad, MT 53636"
16,358-03-2914,3/16/18,Lloyd,    Riley,Haag,male,19940912,married,29,"268 O'Conner Mountains Apt. 851 Port Jerrod, IL 92329-8492"
21,354-54-3686,12/7/18,Kadin,    Story,Boyle,male,19840523,married,39,"3196 Kunze Bridge Suite 739 Kirstinfurt, IL 49794"
67,578-24-9471,1/30/19,Piper,    Guadalupe,Nikolaus,female,19830325,single,40,"32313 Bogisich Drive Andrefort, DC 34217-0349"
29,164-20-8148,3/27/19,Christ,Evan,Pollich,male,19700619,single,53,"32436 Bogan Turnpike South Adalineton, PA 04657-4276"
54,520-22-7713,8/20/20,Alexanne,    Monroe,Runolfsson,female,19890326,single,34,"32557 Smitham Ville Apt. 952 South Janiya, WY 32592"
45,518-48-3737,11/13/20,Alysha,    Remy,Howell,female,19820319,single,41,"3399 Libby Ford Alvafort, ID 35269"
80,518-50-9210,2/26/21,Jarod,    Ariel,Beahan,male,19750215,single,49,"341 Stroman Dale Lourdesbury, ID 44999"
4,249-49-0315,5/19/21,Marianna,    Dallas,Ruecker,female,19930619,single,30,"365 Klein Terrace Apt. 692 Brennonmouth, SC 21442-6664"
77,518-64-0742,8/30/22,Andy,    Noel,Bergstrom,male,19960930,single,27,"40053 D'Amore Loop New Jacemouth, ID 78379"
98,649-10-1517,9/8/22,Deron,    Lux,Kovacek,male,19981106,single,25,"403 Dare Port Suite 940 Rutherfordhaven, NM 21175"
53,273-07-7431,4/11/08,Frida,    Gerry,Runolfsdottir,female,19801119,single,43,"411 Bahringer Expressway East Cruz, OH 31586-2019"
88,520-58-3686,4/17/08,Anthony,    Cypress,Koepp,male,19800318,single,43,"42382 Swaniawski Manors Medafurt, WY 39124-9330"
63,539-52-6857,9/24/08,Tad,    Jodie,Grady,male,19810803,single,43,"443 Cassin Motorway South Elveratown, WA 33319"
60,475-49-8584,10/29/08,Roel,    Jackie,Schoen,male,19920220,single,32,"4491 Carson Viaduct Purdyfort, MN 92345"
7,398-58-3569,11/20/08,Riley,    Haven,Moore,male,19711217,single,53,"4502 Mathilde Mews West Raquel, WI 33360"
33,421-45-3038,8/24/09,Jeanette,    Casey,Hintz,female,19830227,single,41,"45692 Virginie Dale Lake Loyalview, AL 43061"
50,047-16-1008,11/27/09,Westley,    Charlie,McLaughlin,male,19770721,single,46,"46029 Adan Ferry Imeldaview, CT 22196"
40,501-07-1348,2/3/10,Celestine,    Rene,O'Conner,female,19930125,single,30,"46272 Norval Orchard Suite 953 North Jerryville, ND 52359-1301"
39,431-89-2195,5/13/11,Frederic,    Justice,Rice,male,19920409,single,32,"476 Flossie Plaza New Tod, AR 92180-7167"
57,578-72-0412,12/20/11,Carol,    Santana,Reichel,male,19980415,single,26,"4760 Elwyn Crescent Suite 420 Barrowsland, DC 69595"
81,044-50-3723,4/12/12,Thomas,    Jan,Konopelski,male,19750724,married,48,"493 Little Street Apt. 260 Port Bernardo, CT 05609-5240"
46,389-10-4029,5/30/12,Janice,    Milan,Lynch,female,19770605,married,46,"49830 Friesen Motorway Braunchester, WI 12691-1774"
66,631-15-1600,10/15/12,Carlie,    Frankie,Orn,female,19960202,married,28,"5024 Rippin Roads Suite 842 West Rudolph, TX 44829-5165"
79,002-11-1288,10/17/12,Lucas,    Johnnie,Fahey,male,19830406,single,41,"506 Willms Flat Suite 183 Patsychester, NH 13378"
3,652-46-6777,12/27/12,Verlie,    Campbell,Monahan,female,19850511,single,38,"509 Larson Bypass Suite 782 Armandoshire, CO 29022"
20,487-10-5805,11/24/14,Clifford,    Shiloh,Pacocha,male,19870923,married,36,"5100 Kovacek Burgs Suite 145 Katelinchester, MO 56251"
2,647-20-5054,6/2/15,Kailee,    Brooklyn,Hauck,female,19770206,married,47,"51122 Santa Stravenue Apt. 318 West Othaburgh, UT 55855-5809"
24,237-25-5939,6/13/16,Bertha,Hunter,Zulauf,male,19710530,married,52,"519 Freddie Mount Suite 686 West Myrtis, NC 52639"
13,772-14-9100,1/11/17,Ebony,    Peyton,Reynolds,female,19940301,married,29,"5198 Elisabeth Loop Batzview, FL 72798-6662"
37,765-76-2311,2/27/17,Bernhard,    Finley,Orn,male,19940301,single,29,"525 Randy Square Apt. 920 North Jeffereybury, AZ 22933"
82,575-68-8990,4/30/18,Elton,    Arden,Douglas,male,19970908,single,26,"53291 Gaylord Lock Suite 257 Beerbury, HI 78594-9121"
9,696-09-8196,5/4/20,Abigail,    Jordan,Hoeger,female,19761031,married,47,"5597 McLaughlin Well Hamillport, VA 54804"
22,520-12-3714,5/29/20,Kellen,    Sutton,Purdy,male,19850930,married,38,"577 Sigmund Vista Apt. 943 Maggioport, WY 12175"
19,037-40-4069,10/6/20,Murl,    Shae,Heaney,male,19770225,married,47,"5861 Turcotte Ferry New Dejon, RI 73421"
59,355-16-5576,12/23/20,Chanel,    Marion,Connelly,female,19841005,married,39,"5940 Wuckert Square Apt. 696 Wunschshire, IL 99367"
95,578-23-5929,10/31/08,Eloise,    Kit,Roberts,female,19790723,married,44,"595 Linwood Well Suite 432 Torphyburgh, DC 80953"
34,046-88-5808,12/29/08,Ettie,    Jackie,Nicolas,female,19840712,married,39,"6189 Aron Cliffs Maryjaneton, CT 71808-3237"
11,680-26-7603,7/6/09,Maxwell,    Morgan,Abshire,male,19860522,married,37,"62101 Runte Lane Mistyville, NV 63239-6691"
76,426-75-2519,4/26/10,Bethel,    Merrill,Satterfield,female,19770725,married,46,"63251 Kylee Cape West Hortense, MS 09469-4364"
35,235-42-3132,6/17/10,Beulah,    Kerry,Prosacco,female,19710915,married,52,"63531 Alysha Circle Apt. 159 Wellingtonburgh, WV 23991"
61,427-15-1130,11/7/11,Johnson,    Alva,Toy,male,19981225,single,26,"643 Eloise Drive Suite 124 North Grace, MS 04018-1267"
75,538-10-9159,2/13/12,Rahul,    Tracy,Gibson,male,19770614,single,46,"643 Farrell Walks Jamelport, WA 98809"
6,537-23-9851,3/12/12,Collin,    Greer,Cartwright,male,19900302,single,33,"6501 Pfeffer Plains Apt. 022 New Jazmyn, WA 38841-2809"
62,544-49-9657,2/7/13,Jaydon,    Ollie,Runolfsson,male,19960816,single,28,"6587 Virgil Dale Suite 800 Mariettamouth, OR 89778"
23,601-61-3809,5/17/13,Kobe,Kai,Kling,male,19911014,single,32,"66443 Jermaine Parks Apt. 648 East Bellafort, AZ 13747"
36,446-58-4050,8/5/13,Chance,    Jodie,White,male,19831027,single,40,"66444 McGlynn Forges Suite 262 South Jay, OK 13154"
100,540-94-0275,10/22/14,Aiyana,    Ocean,Hahn,female,19960620,single,27,"668 Julius Crest Suite 292 Niaborough, OR 30806-5339"
86,424-44-1385,3/27/15,Toby,    Callaway,Lakin,male,19830328,single,40,"683 Brett Lodge Suite 093 Savionhaven, AL 22076-1730"
38,234-35-2342,9/9/15,Lula,    Skylar,Ziemann,male,19770504,single,46,"69751 River Run Schmelerville, WV 67125-0867"
30,482-76-3701,4/27/16,Rosina,Aubrey,Leuschke,female,19911228,single,33,"70111 Elsie Circle Apt. 222 Port Shawnashire, IA 39904"
83,149-42-3367,6/2/16,Yessenia,    Bellamy,Murazik,female,19780317,married,45,"71511 Sipes Road North Paxtonport, NJ 04632-7101"
74,473-32-8350,12/7/16,Magnolia,    Robbie,Jacobi,female,19731029,married,50,"7159 Pete Track Smithfort, MN 58603-1175"
56,764-36-6370,2/16/17,Willa,    Azariah,Walker,female,19971207,married,27,"7318 Mauricio Terrace Apt. 320 Dulcefort, AZ 52036"
14,405-08-4885,7/22/19,Kim,    Quinn,Bradtke,male,19761113,married,47,"73929 Lang Valley Port Jaleelburgh, KY 12302"
72,504-18-5481,4/29/20,Ardella,    Jamie,Bernier,female,19970514,married,26,"74330 Kovacek Branch Apt. 602 Lake Casandraberg, SD 27368-1748"
42,751-14-7878,7/14/20,Ursula,    Frankie,Larson,female,19861101,married,37,"7635 Greta Stravenue O'Connellville, HI 35078"
26,222-16-6561,9/8/20,Doyle,Jude,Green,male,19750110,married,49,"7643 Gabrielle Manors West Micah, DE 03760"
94,048-66-4936,11/12/20,Davonte,    Kingsley,Roberts,male,19700409,married,54,"7668 Erick Ramp Suite 959 Port Lyricview, CT 81476"
10,518-86-9623,11/25/20,Rico,    Lennox,Gusikowski,male,19820330,married,41,"768 Lockman Ports Hudsonside, ID 00592"
71,469-30-2217,1/27/21,Tiara,    Sammie,Bradtke,female,19800930,married,43,"77660 Lavina Pines Apt. 931 Rippinport, MN 82261-2748"
1,689-16-5861,1/28/08,Bethel,    Avery,Armstrong,female,19910422,single,33,"7821 Funk Mountain Apt. 313 Sidstad, NC 72888-8208"
65,374-56-0345,4/7/08,Bryon,    Kerry,Batz,male,19770708,married,46,"793 Flatley Pines North Shannonchester, MI 58118-9451"
64,697-09-2757,8/27/08,Janick,    Cleo,Hackett,male,19940216,married,30,"8048 Giles Pass North Jacquelyn, VA 78038"
44,467-98-2554,8/19/09,Garth,    Robbie,Schultz,male,19980308,married,25,"8115 Berge Place Lake Meghanfurt, TX 18671-3595"
32,530-91-4963,9/28/09,Velva,Kyle,Schultz,female,19700728,married,53,"815 Spinka Lane Lemkeland, NV 71569-0374"
51,306-80-8035,7/13/10,Lyda,    Stevie,Hoppe,female,19841119,married,39,"8265 Murazik Summit Friedamouth, IN 21896-0335"
17,424-42-1943,12/15/10,Leopoldo,    Robin,Kertzmann,male,19870617,married,36,"863 Ashleigh Ports Suite 007 North Eunice, AL 56567"
97,015-38-4693,11/7/12,Marisa,    Lexington,Kihn,female,19941014,married,29,"8685 Mills Roads Suite 140 Lake Eudora, MA 35305-1711"
49,008-72-0056,3/22/13,Samanta,    Armani,Blanda,female,19940930,single,29,"8712 Lesch Pass Suite 702 East Jody, VT 09923"
15,009-18-6230,8/7/13,Isobel,    Reese,Predovic,female,19840203,single,40,"87597 Daisha Ports McCulloughfurt, VT 38464"
28,504-06-4013,11/26/14,Deonte,Asa,Ruecker,male,19980421,married,26,"8830 Braxton Extension Apt. 363 Roobview, SD 46422"
91,362-94-0735,5/27/15,Mia,    Hollis,Braun,female,19800226,married,44,"88865 D'Amore Turnpike Apt. 390 New Cristobal, MI 29480-7984"
8,527-03-6114,11/21/16,Zack,    Indigo,Luettgen,male,19720108,married,52,"90245 Vidal Bypass Suite 468 Breannamouth, AZ 55008"
18,469-76-1893,3/9/17,Lauriane,    Sawyer,Orn,female,19950221,married,29,"9039 Hayes Key Apt. 179 Svenberg, MN 52876-1475"
55,392-11-0333,8/21/18,Howard,    Kirby,Rosenbaum,male,19770311,single,46,"9120 Nitzsche Common Apt. 009 Lake Faye, WI 24204"
48,038-50-9151,9/4/18,Sibyl,    Devan,Pagac,female,19920128,single,31,"9236 Reinger Heights Apt. 288 Angieshire, RI 97245"
52,683-10-8734,9/24/18,Annette,    Channing,Champlin,female,19881204,married,36,"92835 Dickinson Plain Suite 800 Port Major, NC 21413-7441"
78,261-93-9594,11/14/18,Alfred,    Rene,Schiller,male,19720831,married,52,"934 Fritsch Course South Nicholausshire, FL 31874-7527"
92,232-52-1804,4/4/19,Bailee,    Honor,D'Amore,female,19820410,married,42,"9408 Waylon Row West Karson, WV 13788"
96,005-34-5275,6/27/19,Ansley,    Landry,Graham,male,19970626,married,26,"9429 Shanelle Port Suite 937 Kozeyton, ME 52544-7509"
87,232-04-5571,8/27/19,Nayeli,    Cove,Klocko,female,19950927,married,28,"9667 Troy Locks Apt. 955 South Emilia, WV 55826"
84,101-14-2902,10/7/20,Hoyt,    Briar,Pagac,male,19900226,married,34,"967 Margret Villages Suite 270 South Kendrick, NY 77200-5709"
70,416-82-6972,11/11/20,Gianni,    Angel,Hettinger,male,19970710,married,26,"978 Travon Alley Sarinatown, AL 63577-4022"
69,520-56-8619,12/17/20,Santa,    Tommie,Schroeder,male,19940107,married,30,"9821 Veum Wall Apt. 715 Port Orrinshire, WY 26187-0483"
5,591-78-2063,7/1/21,Lonzo,    Gray,Ebert,male,19730109,married,51,"99077 Beer Rue Port Ivahton, FL 79693-1217"